{
  "wnmar": 30,
  "chblc": false,
  "fpdxy": -37,
  "dfydo": -63,
  "fofab": 0.461617227591814,
  "xwddq": true,
  "tqmdf": false,
  "vsxgf": 90,
  "xrseh": 43,
  "iosbv": -8,
  "vtudz": false,
  "swuyp": false,
  "hptbp": 0.012650151523126096,
  "iicpd": -65,
  "yqfde": 0.9108623780296005,
  "frlco": false
}